SMILES,vector
NCCO,"[1.0, 0.0, 0.0, 0.0, 1.0, 0.0, 0.0, 0.0, 1.0, 0.0, 0.0, 0.0, 0.0, 0.0]"
CNCCNCCNCCO,"[0.0, 0.0, 0.0, 1.0, 5.0, 0.0, 0.0, 1.0, 0.0, 0.0, 3.0, 0.0, 0.0, 0.0]"
CNCC(CNC)NCCO,"[0.0, 0.0, 0.0, 2.0, 3.0, 1.0, 0.0, 1.0, 0.0, 0.0, 3.0, 0.0, 0.0, 0.0]"
CN(C)CCNCCNCCO,"[0.0, 0.0, 0.0, 2.0, 5.0, 0.0, 0.0, 1.0, 0.0, 0.0, 2.0, 1.0, 0.0, 0.0]"
NCCNCCNCCO,"[0.0, 0.0, 0.0, 0.0, 5.0, 0.0, 0.0, 1.0, 0.0, 1.0, 2.0, 0.0, 0.0, 0.0]"
CNCC(CN)NCCO,"[0.0, 0.0, 0.0, 1.0, 3.0, 1.0, 0.0, 1.0, 0.0, 1.0, 2.0, 0.0, 0.0, 0.0]"
CCNCCNCCCNCCO,"[0.0, 0.0, 0.0, 1.0, 7.0, 0.0, 0.0, 1.0, 0.0, 0.0, 3.0, 0.0, 0.0, 0.0]"
CCNC(CCNCCO)CNC,"[0.0, 0.0, 0.0, 2.0, 5.0, 1.0, 0.0, 1.0, 0.0, 0.0, 3.0, 0.0, 0.0, 0.0]"
CNCC(CNCCO)NCCO,"[0.0, 0.0, 0.0, 1.0, 4.0, 1.0, 0.0, 2.0, 0.0, 0.0, 3.0, 0.0, 0.0, 0.0]"
CNCCNCCN(C)CCCO,"[0.0, 0.0, 1.0, 2.0, 6.0, 0.0, 0.0, 0.0, 1.0, 0.0, 2.0, 0.0, 0.0, 0.0]"
NCC(CN)NCCO,"[0.0, 0.0, 0.0, 0.0, 3.0, 1.0, 0.0, 1.0, 0.0, 2.0, 1.0, 0.0, 0.0, 0.0]"
NCCCNCCNCCO,"[0.0, 0.0, 0.0, 0.0, 6.0, 0.0, 0.0, 1.0, 0.0, 1.0, 2.0, 0.0, 0.0, 0.0]"
CC(CN)NCCNCCO,"[0.0, 0.0, 0.0, 1.0, 4.0, 1.0, 0.0, 1.0, 0.0, 1.0, 2.0, 0.0, 0.0, 0.0]"
CN(CCN)CCNCCO,"[0.0, 0.0, 0.0, 1.0, 5.0, 0.0, 0.0, 1.0, 0.0, 1.0, 1.0, 1.0, 0.0, 0.0]"
OCCNCCNCCO,"[0.0, 0.0, 0.0, 0.0, 4.0, 0.0, 0.0, 2.0, 0.0, 0.0, 2.0, 0.0, 0.0, 0.0]"
CNCCC(C)NCCO,"[0.0, 0.0, 0.0, 2.0, 3.0, 1.0, 0.0, 1.0, 0.0, 0.0, 2.0, 0.0, 0.0, 0.0]"
NCC(N)CCNCCO,"[0.0, 0.0, 0.0, 0.0, 4.0, 1.0, 0.0, 1.0, 0.0, 2.0, 1.0, 0.0, 0.0, 0.0]"
CC(CO)NC(CN)CN,"[0.0, 0.0, 0.0, 1.0, 2.0, 2.0, 0.0, 1.0, 0.0, 2.0, 1.0, 0.0, 0.0, 0.0]"
CNC(CO)CNC(C)C,"[0.0, 0.0, 0.0, 3.0, 1.0, 2.0, 0.0, 1.0, 0.0, 0.0, 2.0, 0.0, 0.0, 0.0]"
NCCCNCCCNCCO,"[0.0, 0.0, 0.0, 0.0, 7.0, 0.0, 0.0, 1.0, 0.0, 1.0, 2.0, 0.0, 0.0, 0.0]"
CC(CCNCCN)NCCO,"[0.0, 0.0, 0.0, 1.0, 5.0, 1.0, 0.0, 1.0, 0.0, 1.0, 2.0, 0.0, 0.0, 0.0]"
NCCN(CCN)CCO,"[0.0, 0.0, 1.0, 0.0, 5.0, 0.0, 0.0, 0.0, 1.0, 2.0, 0.0, 0.0, 0.0, 0.0]"
CN(C)CCCNCCO,"[0.0, 0.0, 0.0, 2.0, 4.0, 0.0, 0.0, 1.0, 0.0, 0.0, 1.0, 1.0, 0.0, 0.0]"
NC(CNCCO)CNCCO,"[0.0, 0.0, 0.0, 0.0, 4.0, 1.0, 0.0, 2.0, 0.0, 1.0, 2.0, 0.0, 0.0, 0.0]"
CNCCCC(O)CNCCN,"[0.0, 0.0, 0.0, 1.0, 6.0, 0.0, 0.0, 0.0, 0.0, 1.0, 2.0, 0.0, 1.0, 0.0]"
NCCNCC(O)CNCCO,"[0.0, 0.0, 0.0, 0.0, 5.0, 0.0, 0.0, 1.0, 0.0, 1.0, 2.0, 0.0, 1.0, 0.0]"
NCC(O)CC(CN)CN,"[0.0, 0.0, 0.0, 0.0, 4.0, 1.0, 0.0, 0.0, 0.0, 3.0, 0.0, 0.0, 1.0, 0.0]"
CC(CN(C)CCN)NCCO,"[0.0, 0.0, 0.0, 2.0, 4.0, 1.0, 0.0, 1.0, 0.0, 1.0, 1.0, 1.0, 0.0, 0.0]"
CC(CN)NC(CO)CN(C)C,"[0.0, 0.0, 1.0, 3.0, 2.0, 2.0, 0.0, 0.0, 1.0, 1.0, 1.0, 0.0, 0.0, 0.0]"
OCCCNCCNCCO,"[0.0, 0.0, 0.0, 0.0, 5.0, 0.0, 0.0, 2.0, 0.0, 0.0, 2.0, 0.0, 0.0, 0.0]"
CNCCN(C)CC(C)O,"[0.0, 0.0, 0.0, 3.0, 3.0, 0.0, 0.0, 0.0, 0.0, 0.0, 1.0, 1.0, 1.0, 0.0]"
CCC(CCNCCO)NC,"[0.0, 0.0, 0.0, 2.0, 4.0, 1.0, 0.0, 1.0, 0.0, 0.0, 2.0, 0.0, 0.0, 0.0]"
NCCC(N)CCNCCO,"[0.0, 0.0, 0.0, 0.0, 5.0, 1.0, 0.0, 1.0, 0.0, 2.0, 1.0, 0.0, 0.0, 0.0]"
CN(C)CCN(C)C(CN)CO,"[1.0, 0.0, 0.0, 3.0, 3.0, 1.0, 0.0, 0.0, 1.0, 0.0, 0.0, 2.0, 0.0, 0.0]"
CC(CNCCO)NCCO,"[0.0, 0.0, 0.0, 1.0, 3.0, 1.0, 0.0, 2.0, 0.0, 0.0, 2.0, 0.0, 0.0, 0.0]"
CCC(N)CCNCCNCCO,"[0.0, 0.0, 0.0, 1.0, 6.0, 1.0, 0.0, 1.0, 0.0, 1.0, 2.0, 0.0, 0.0, 0.0]"
CNC(CO)CCNC(C)C,"[0.0, 0.0, 0.0, 3.0, 2.0, 2.0, 0.0, 1.0, 0.0, 0.0, 2.0, 0.0, 0.0, 0.0]"
CC(N)CC(CN)NCCO,"[0.0, 0.0, 0.0, 1.0, 3.0, 2.0, 0.0, 1.0, 0.0, 2.0, 1.0, 0.0, 0.0, 0.0]"
CNCC(CN)N(C)CC(C)O,"[0.0, 0.0, 0.0, 3.0, 3.0, 1.0, 0.0, 0.0, 0.0, 1.0, 1.0, 1.0, 1.0, 0.0]"
CC(C)NCCNC(CN)CCO,"[0.0, 0.0, 0.0, 2.0, 4.0, 2.0, 0.0, 1.0, 0.0, 1.0, 2.0, 0.0, 0.0, 0.0]"
NCC(CO)NCCCNCCO,"[1.0, 0.0, 0.0, 0.0, 5.0, 1.0, 0.0, 1.0, 1.0, 0.0, 2.0, 0.0, 0.0, 0.0]"
CCCNCCNCC(C)O,"[0.0, 0.0, 0.0, 2.0, 5.0, 0.0, 0.0, 0.0, 0.0, 0.0, 2.0, 0.0, 1.0, 0.0]"
NCCN(CCN)CCCO,"[0.0, 0.0, 1.0, 0.0, 6.0, 0.0, 0.0, 0.0, 1.0, 2.0, 0.0, 0.0, 0.0, 0.0]"
CC(C)NCCNCCC(O)CN,"[0.0, 0.0, 0.0, 2.0, 5.0, 1.0, 0.0, 0.0, 0.0, 1.0, 2.0, 0.0, 1.0, 0.0]"
CCCN(CCO)CCNC,"[0.0, 0.0, 1.0, 2.0, 5.0, 0.0, 0.0, 0.0, 1.0, 0.0, 1.0, 0.0, 0.0, 0.0]"
CC(O)CNCCNC(C)C,"[0.0, 0.0, 0.0, 3.0, 3.0, 1.0, 0.0, 0.0, 0.0, 0.0, 2.0, 0.0, 1.0, 0.0]"
CCN(CCO)C(CN)CN,"[0.0, 0.0, 1.0, 1.0, 4.0, 1.0, 0.0, 0.0, 1.0, 2.0, 0.0, 0.0, 0.0, 0.0]"
NCCNCCN(CCO)CCO,"[0.0, 0.0, 1.0, 0.0, 6.0, 0.0, 0.0, 1.0, 1.0, 1.0, 1.0, 0.0, 0.0, 0.0]"
NCC(O)CNCC(O)CN,"[0.0, 0.0, 0.0, 0.0, 4.0, 0.0, 0.0, 0.0, 0.0, 2.0, 1.0, 0.0, 2.0, 0.0]"
CC(O)CN(CCN)CCN,"[0.0, 0.0, 0.0, 1.0, 5.0, 0.0, 0.0, 0.0, 0.0, 2.0, 0.0, 1.0, 1.0, 0.0]"
CNCCC(N)CCN(C)CCO,"[0.0, 0.0, 1.0, 2.0, 5.0, 1.0, 0.0, 0.0, 1.0, 1.0, 1.0, 0.0, 0.0, 0.0]"
CC(O)CNCCNCC(O)CN,"[0.0, 0.0, 0.0, 1.0, 5.0, 0.0, 0.0, 0.0, 0.0, 1.0, 2.0, 0.0, 2.0, 0.0]"
CC(CO)NC(C)CN(C)C,"[0.0, 0.0, 0.0, 4.0, 1.0, 2.0, 0.0, 1.0, 0.0, 0.0, 1.0, 1.0, 0.0, 0.0]"
NCCC(N)CC(N)CCO,"[1.0, 0.0, 0.0, 0.0, 4.0, 2.0, 0.0, 0.0, 1.0, 2.0, 0.0, 0.0, 0.0, 0.0]"
CC(CC(CN)N(C)C)NCCO,"[0.0, 0.0, 0.0, 3.0, 3.0, 2.0, 0.0, 1.0, 0.0, 1.0, 1.0, 1.0, 0.0, 0.0]"
CC(O)CC(N)CC(N)CN,"[0.0, 0.0, 0.0, 1.0, 3.0, 2.0, 0.0, 0.0, 0.0, 3.0, 0.0, 0.0, 1.0, 0.0]"
CC(O)CN(C)CCNCCCN,"[0.0, 0.0, 0.0, 2.0, 6.0, 0.0, 0.0, 0.0, 0.0, 1.0, 1.0, 1.0, 1.0, 0.0]"
CC(CN(C)CCO)N(C)C,"[0.0, 0.0, 1.0, 4.0, 2.0, 1.0, 0.0, 0.0, 1.0, 0.0, 0.0, 1.0, 0.0, 0.0]"
OCCCNCCCNCCO,"[0.0, 0.0, 0.0, 0.0, 6.0, 0.0, 0.0, 2.0, 0.0, 0.0, 2.0, 0.0, 0.0, 0.0]"
CCCNCCNC(CC)CO,"[0.0, 0.0, 0.0, 2.0, 5.0, 1.0, 0.0, 1.0, 0.0, 0.0, 2.0, 0.0, 0.0, 0.0]"
CNCCCC(O)CN(C)C,"[0.0, 0.0, 0.0, 3.0, 4.0, 0.0, 0.0, 0.0, 0.0, 0.0, 1.0, 1.0, 1.0, 0.0]"
CN(C)CCCN(C)C(CN)CO,"[1.0, 0.0, 0.0, 3.0, 4.0, 1.0, 0.0, 0.0, 1.0, 0.0, 0.0, 2.0, 0.0, 0.0]"
CC(CCNCCO)NCCO,"[0.0, 0.0, 0.0, 1.0, 4.0, 1.0, 0.0, 2.0, 0.0, 0.0, 2.0, 0.0, 0.0, 0.0]"
NCCC(CCN)NCCCO,"[0.0, 0.0, 0.0, 0.0, 6.0, 1.0, 0.0, 1.0, 0.0, 2.0, 1.0, 0.0, 0.0, 0.0]"
CNC(CO)CCCNC(C)C,"[0.0, 0.0, 0.0, 3.0, 3.0, 2.0, 0.0, 1.0, 0.0, 0.0, 2.0, 0.0, 0.0, 0.0]"
CC(CO)N(C)C(CN)CN(C)C,"[0.0, 0.0, 1.0, 4.0, 2.0, 2.0, 0.0, 0.0, 1.0, 1.0, 0.0, 1.0, 0.0, 0.0]"
CC(CN)CC(CN)NCCO,"[0.0, 0.0, 0.0, 1.0, 4.0, 2.0, 0.0, 1.0, 0.0, 2.0, 1.0, 0.0, 0.0, 0.0]"
NCCCC(O)CCNCCN,"[0.0, 0.0, 0.0, 0.0, 7.0, 0.0, 0.0, 0.0, 0.0, 2.0, 1.0, 0.0, 1.0, 0.0]"
CCCNCCNCCC(C)O,"[0.0, 0.0, 0.0, 2.0, 6.0, 0.0, 0.0, 0.0, 0.0, 0.0, 2.0, 0.0, 1.0, 0.0]"
CC(O)CCNCCNCCO,"[0.0, 0.0, 0.0, 1.0, 5.0, 0.0, 0.0, 1.0, 0.0, 0.0, 2.0, 0.0, 1.0, 0.0]"
NCCCN(CCN)CCCO,"[0.0, 0.0, 1.0, 0.0, 7.0, 0.0, 0.0, 0.0, 1.0, 2.0, 0.0, 0.0, 0.0, 0.0]"
CCC(O)CNCCNC(C)C,"[0.0, 0.0, 0.0, 3.0, 4.0, 1.0, 0.0, 0.0, 0.0, 0.0, 2.0, 0.0, 1.0, 0.0]"
CCN(CCO)CC(N)CCN,"[0.0, 0.0, 1.0, 1.0, 5.0, 1.0, 0.0, 0.0, 1.0, 2.0, 0.0, 0.0, 0.0, 0.0]"
NCC(O)CC(CN)NCCO,"[0.0, 0.0, 0.0, 0.0, 4.0, 1.0, 0.0, 1.0, 0.0, 2.0, 1.0, 0.0, 1.0, 0.0]"
CC(CN)N(CCO)C(C)CN,"[0.0, 0.0, 1.0, 2.0, 3.0, 2.0, 0.0, 0.0, 1.0, 2.0, 0.0, 0.0, 0.0, 0.0]"
NCC(N)CN(CCO)CCO,"[0.0, 0.0, 1.0, 0.0, 4.0, 1.0, 0.0, 1.0, 1.0, 2.0, 0.0, 0.0, 0.0, 0.0]"
CC(O)CN(CCN)CCCN,"[0.0, 0.0, 0.0, 1.0, 6.0, 0.0, 0.0, 0.0, 0.0, 2.0, 0.0, 1.0, 1.0, 0.0]"
CC(O)CNCCNCC(C)O,"[0.0, 0.0, 0.0, 2.0, 4.0, 0.0, 0.0, 0.0, 0.0, 0.0, 2.0, 0.0, 2.0, 0.0]"
CN(C)CC(O)CCC(N)CN,"[0.0, 0.0, 0.0, 2.0, 4.0, 1.0, 0.0, 0.0, 0.0, 2.0, 0.0, 1.0, 1.0, 0.0]"
CNC(CC(C)CO)CN(C)C,"[0.0, 0.0, 0.0, 4.0, 2.0, 2.0, 0.0, 1.0, 0.0, 0.0, 1.0, 1.0, 0.0, 0.0]"
NCCC(N)CCC(N)CCO,"[1.0, 0.0, 0.0, 0.0, 5.0, 2.0, 0.0, 0.0, 1.0, 2.0, 0.0, 0.0, 0.0, 0.0]"
CC(CC(N)CN)CC(O)CN,"[0.0, 0.0, 0.0, 1.0, 4.0, 2.0, 0.0, 0.0, 0.0, 3.0, 0.0, 0.0, 1.0, 0.0]"
CCCNCC(C)CCNCCO,"[0.0, 0.0, 0.0, 2.0, 6.0, 1.0, 0.0, 1.0, 0.0, 0.0, 2.0, 0.0, 0.0, 0.0]"
CC(CN(C)C)N(C)CCCO,"[0.0, 0.0, 1.0, 4.0, 3.0, 1.0, 0.0, 0.0, 1.0, 0.0, 0.0, 1.0, 0.0, 0.0]"
CCCN(CCNC)CC(C)O,"[0.0, 0.0, 0.0, 3.0, 5.0, 0.0, 0.0, 0.0, 0.0, 0.0, 1.0, 1.0, 1.0, 0.0]"
NCCC(CCN)CCNCCO,"[0.0, 0.0, 0.0, 0.0, 7.0, 1.0, 0.0, 1.0, 0.0, 2.0, 1.0, 0.0, 0.0, 0.0]"
CCCC(CC(C)NCCO)NC,"[0.0, 0.0, 0.0, 3.0, 4.0, 2.0, 0.0, 1.0, 0.0, 0.0, 2.0, 0.0, 0.0, 0.0]"
CC(CO)NCCC(C)NCCO,"[0.0, 0.0, 0.0, 2.0, 3.0, 2.0, 0.0, 2.0, 0.0, 0.0, 2.0, 0.0, 0.0, 0.0]"
CC(CN)CC(N)CCNCCO,"[0.0, 0.0, 0.0, 1.0, 5.0, 2.0, 0.0, 1.0, 0.0, 2.0, 1.0, 0.0, 0.0, 0.0]"
CC(N)CC(N)CC(C)NCCO,"[0.0, 0.0, 0.0, 2.0, 3.0, 3.0, 0.0, 1.0, 0.0, 2.0, 1.0, 0.0, 0.0, 0.0]"
CCCNCCCNCC(O)CC,"[0.0, 0.0, 0.0, 2.0, 7.0, 0.0, 0.0, 0.0, 0.0, 0.0, 2.0, 0.0, 1.0, 0.0]"
CCC(CNC)N(C)CC(C)O,"[0.0, 0.0, 0.0, 4.0, 3.0, 1.0, 0.0, 0.0, 0.0, 0.0, 1.0, 1.0, 1.0, 0.0]"
NCC(O)CC(N)CC(O)CN,"[0.0, 0.0, 0.0, 0.0, 4.0, 1.0, 0.0, 0.0, 0.0, 3.0, 0.0, 0.0, 2.0, 0.0]"
CC(O)CCNCCC(CN)CN,"[0.0, 0.0, 0.0, 1.0, 6.0, 1.0, 0.0, 0.0, 0.0, 2.0, 1.0, 0.0, 1.0, 0.0]"
CCCC(O)CNCCNC(C)C,"[0.0, 0.0, 0.0, 3.0, 5.0, 1.0, 0.0, 0.0, 0.0, 0.0, 2.0, 0.0, 1.0, 0.0]"
NCC(CN)CC(CO)NCCO,"[0.0, 0.0, 0.0, 0.0, 4.0, 2.0, 0.0, 2.0, 0.0, 2.0, 1.0, 0.0, 0.0, 0.0]"
NCCCN(CCCN)CCCO,"[0.0, 0.0, 1.0, 0.0, 8.0, 0.0, 0.0, 0.0, 1.0, 2.0, 0.0, 0.0, 0.0, 0.0]"
CCC(CN)CN(CCN)CCO,"[0.0, 0.0, 1.0, 1.0, 6.0, 1.0, 0.0, 0.0, 1.0, 2.0, 0.0, 0.0, 0.0, 0.0]"
CCN(CCO)CCCNCCO,"[0.0, 0.0, 1.0, 1.0, 6.0, 0.0, 0.0, 1.0, 1.0, 0.0, 1.0, 0.0, 0.0, 0.0]"
NCC(CN)CN(CCO)CCO,"[0.0, 0.0, 1.0, 0.0, 5.0, 1.0, 0.0, 1.0, 1.0, 2.0, 0.0, 0.0, 0.0, 0.0]"
CN(C)CCC(O)CCN(C)C,"[0.0, 0.0, 0.0, 4.0, 4.0, 0.0, 0.0, 0.0, 0.0, 0.0, 0.0, 2.0, 1.0, 0.0]"
CCCN(C)CCC(C)NCCO,"[0.0, 0.0, 0.0, 3.0, 5.0, 1.0, 0.0, 1.0, 0.0, 0.0, 1.0, 1.0, 0.0, 0.0]"
CN(CCCN)CCCC(O)CN,"[0.0, 0.0, 0.0, 1.0, 7.0, 0.0, 0.0, 0.0, 0.0, 2.0, 0.0, 1.0, 1.0, 0.0]"
CN(CCO)CC(N)CC(N)CO,"[2.0, 0.0, 0.0, 1.0, 3.0, 2.0, 0.0, 0.0, 2.0, 0.0, 0.0, 1.0, 0.0, 0.0]"
CNC(CC(O)CN)CC(O)CN,"[0.0, 0.0, 0.0, 1.0, 4.0, 1.0, 0.0, 0.0, 0.0, 2.0, 1.0, 0.0, 2.0, 0.0]"
CCCN(CC(C)O)C(CN)CN,"[0.0, 0.0, 0.0, 2.0, 5.0, 1.0, 0.0, 0.0, 0.0, 2.0, 0.0, 1.0, 1.0, 0.0]"
CC(CCO)CNC(C)CN(C)C,"[0.0, 0.0, 0.0, 4.0, 3.0, 2.0, 0.0, 1.0, 0.0, 0.0, 1.0, 1.0, 0.0, 0.0]"
CC(CCO)NC(CO)CN(C)C,"[0.0, 0.0, 1.0, 3.0, 2.0, 2.0, 0.0, 1.0, 1.0, 0.0, 1.0, 0.0, 0.0, 0.0]"
CC(O)CN(C(C)CN)C(C)CN,"[0.0, 0.0, 0.0, 3.0, 3.0, 2.0, 0.0, 0.0, 0.0, 2.0, 0.0, 1.0, 1.0, 0.0]"
NCCC(N)CCC(CN)CCO,"[0.0, 0.0, 0.0, 0.0, 6.0, 2.0, 0.0, 1.0, 0.0, 3.0, 0.0, 0.0, 0.0, 0.0]"
CCCN(CCO)CCCN(C)C,"[0.0, 0.0, 1.0, 3.0, 6.0, 0.0, 0.0, 0.0, 1.0, 0.0, 0.0, 1.0, 0.0, 0.0]"
CC(CO)N(C)CCN(C)CCO,"[0.0, 0.0, 2.0, 3.0, 3.0, 1.0, 0.0, 0.0, 2.0, 0.0, 0.0, 0.0, 0.0, 0.0]"
CC(CN)CC(O)CC(N)CCN,"[0.0, 0.0, 0.0, 1.0, 5.0, 2.0, 0.0, 0.0, 0.0, 3.0, 0.0, 0.0, 1.0, 0.0]"
CC(C)CN(CCO)CCN(C)C,"[0.0, 0.0, 1.0, 4.0, 4.0, 1.0, 0.0, 0.0, 1.0, 0.0, 0.0, 1.0, 0.0, 0.0]"
CC(O)CCNC(CO)CN(C)C,"[0.0, 0.0, 1.0, 3.0, 3.0, 1.0, 0.0, 0.0, 1.0, 0.0, 1.0, 0.0, 1.0, 0.0]"
CCNCC(C)N(CC)CC(C)O,"[0.0, 0.0, 0.0, 4.0, 4.0, 1.0, 0.0, 0.0, 0.0, 0.0, 1.0, 1.0, 1.0, 0.0]"
CC(CCCO)NCCN,"[0.0, 0.0, 0.0, 1.0, 4.0, 1.0, 0.0, 1.0, 0.0, 1.0, 1.0, 0.0, 0.0, 0.0]"
CC(CO)CC(CN(C)C)N(C)C,"[0.0, 0.0, 0.0, 5.0, 2.0, 2.0, 0.0, 1.0, 0.0, 0.0, 0.0, 2.0, 0.0, 0.0]"
NCC(O)CC(CN)CC(O)CN,"[0.0, 0.0, 0.0, 0.0, 5.0, 1.0, 0.0, 0.0, 0.0, 3.0, 0.0, 0.0, 2.0, 0.0]"
CC(N)CC(C)NCCO,"[0.0, 0.0, 0.0, 2.0, 2.0, 2.0, 0.0, 1.0, 0.0, 1.0, 1.0, 0.0, 0.0, 0.0]"
NC(CO)CCNCCO,"[1.0, 0.0, 0.0, 0.0, 3.0, 1.0, 0.0, 1.0, 1.0, 0.0, 1.0, 0.0, 0.0, 0.0]"
CC(C)NCCC(O)CN,"[0.0, 0.0, 0.0, 2.0, 3.0, 1.0, 0.0, 0.0, 0.0, 1.0, 1.0, 0.0, 1.0, 0.0]"
NCCN(CCO)CCO,"[0.0, 0.0, 1.0, 0.0, 4.0, 0.0, 0.0, 1.0, 1.0, 1.0, 0.0, 0.0, 0.0, 0.0]"
CN(C)CC(CC(O)CO)N(C)C,"[0.0, 0.0, 0.0, 4.0, 2.0, 1.0, 0.0, 1.0, 0.0, 0.0, 0.0, 2.0, 1.0, 0.0]"
CC(CN)N(C)C(C)CO,"[0.0, 0.0, 1.0, 3.0, 1.0, 2.0, 0.0, 0.0, 1.0, 1.0, 0.0, 0.0, 0.0, 0.0]"
CC(O)CN(C)CCCN,"[0.0, 0.0, 0.0, 2.0, 4.0, 0.0, 0.0, 0.0, 0.0, 1.0, 0.0, 1.0, 1.0, 0.0]"
CCCNCCC(CN)CO,"[1.0, 0.0, 0.0, 1.0, 5.0, 1.0, 0.0, 0.0, 1.0, 0.0, 1.0, 0.0, 0.0, 0.0]"
CC(C)NCC(CN)CCO,"[0.0, 0.0, 0.0, 2.0, 3.0, 2.0, 0.0, 1.0, 0.0, 1.0, 1.0, 0.0, 0.0, 0.0]"
CC(N)CC(CO)NCCO,"[0.0, 0.0, 0.0, 1.0, 2.0, 2.0, 0.0, 2.0, 0.0, 1.0, 1.0, 0.0, 0.0, 0.0]"
CC(O)CC(C)NCCCN,"[0.0, 0.0, 0.0, 2.0, 4.0, 1.0, 0.0, 0.0, 0.0, 1.0, 1.0, 0.0, 1.0, 0.0]"
NCCC(CCN)CCO,"[0.0, 0.0, 0.0, 0.0, 5.0, 1.0, 0.0, 1.0, 0.0, 2.0, 0.0, 0.0, 0.0, 0.0]"
CC(CN)CC(CN)CO,"[1.0, 0.0, 0.0, 1.0, 3.0, 2.0, 0.0, 0.0, 1.0, 1.0, 0.0, 0.0, 0.0, 0.0]"
NCCN(CCO)CCCO,"[0.0, 0.0, 1.0, 0.0, 5.0, 0.0, 0.0, 1.0, 1.0, 1.0, 0.0, 0.0, 0.0, 0.0]"
CN(C)CCCC(N)CCO,"[1.0, 0.0, 0.0, 2.0, 4.0, 1.0, 0.0, 0.0, 1.0, 0.0, 0.0, 1.0, 0.0, 0.0]"
CC(O)CC(N)CCCN,"[0.0, 0.0, 0.0, 1.0, 4.0, 1.0, 0.0, 0.0, 0.0, 2.0, 0.0, 0.0, 1.0, 0.0]"
CC(N)CN(CCO)CCO,"[0.0, 0.0, 1.0, 1.0, 3.0, 1.0, 0.0, 1.0, 1.0, 1.0, 0.0, 0.0, 0.0, 0.0]"
CC(CC(N)CO)CN(C)C,"[1.0, 0.0, 0.0, 3.0, 2.0, 2.0, 0.0, 0.0, 1.0, 0.0, 0.0, 1.0, 0.0, 0.0]"
CC(O)CC(O)CNCCN,"[0.0, 0.0, 0.0, 1.0, 4.0, 0.0, 0.0, 0.0, 0.0, 1.0, 1.0, 0.0, 2.0, 0.0]"
NCC(O)CCC(O)CN,"[0.0, 0.0, 0.0, 0.0, 4.0, 0.0, 0.0, 0.0, 0.0, 2.0, 0.0, 0.0, 2.0, 0.0]"
CC(O)CN(CCN)CCO,"[0.0, 0.0, 1.0, 1.0, 4.0, 0.0, 0.0, 0.0, 1.0, 1.0, 0.0, 0.0, 1.0, 0.0]"
CCCCC(N)CCNCCO,"[0.0, 0.0, 0.0, 1.0, 6.0, 1.0, 0.0, 1.0, 0.0, 1.0, 1.0, 0.0, 0.0, 0.0]"
CCC(N)CN(C)CC(C)O,"[0.0, 0.0, 0.0, 3.0, 3.0, 1.0, 0.0, 0.0, 0.0, 1.0, 0.0, 1.0, 1.0, 0.0]"
CC(C)NCCCC(N)CCO,"[1.0, 0.0, 0.0, 2.0, 4.0, 2.0, 0.0, 0.0, 1.0, 0.0, 1.0, 0.0, 0.0, 0.0]"
CC(CCC(N)CO)NCCO,"[1.0, 0.0, 0.0, 1.0, 3.0, 2.0, 0.0, 1.0, 1.0, 0.0, 1.0, 0.0, 0.0, 0.0]"
CC(O)CCNCCC(C)CN,"[0.0, 0.0, 0.0, 2.0, 5.0, 1.0, 0.0, 0.0, 0.0, 1.0, 1.0, 0.0, 1.0, 0.0]"
NCCNCCC(O)CCCO,"[0.0, 0.0, 0.0, 0.0, 6.0, 0.0, 0.0, 1.0, 0.0, 1.0, 1.0, 0.0, 1.0, 0.0]"
CC(O)CC(C)NC(C)CCN,"[0.0, 0.0, 0.0, 3.0, 3.0, 2.0, 0.0, 0.0, 0.0, 1.0, 1.0, 0.0, 1.0, 0.0]"
NCCC(CCN)CCCO,"[0.0, 0.0, 0.0, 0.0, 6.0, 1.0, 0.0, 1.0, 0.0, 2.0, 0.0, 0.0, 0.0, 0.0]"
NCCCN(CCO)CCCO,"[0.0, 0.0, 1.0, 0.0, 6.0, 0.0, 0.0, 1.0, 1.0, 1.0, 0.0, 0.0, 0.0, 0.0]"
CC(O)CC(C)NC(CN)CO,"[1.0, 0.0, 0.0, 2.0, 2.0, 2.0, 0.0, 0.0, 1.0, 0.0, 1.0, 0.0, 1.0, 0.0]"
CCN(CCO)CCC(C)CN,"[0.0, 0.0, 1.0, 2.0, 5.0, 1.0, 0.0, 0.0, 1.0, 1.0, 0.0, 0.0, 0.0, 0.0]"
CCN(CCO)CC(CN)CO,"[1.0, 0.0, 1.0, 1.0, 4.0, 1.0, 0.0, 0.0, 2.0, 0.0, 0.0, 0.0, 0.0, 0.0]"
CC(CCN)CC(N)CCO,"[1.0, 0.0, 0.0, 1.0, 4.0, 2.0, 0.0, 0.0, 1.0, 1.0, 0.0, 0.0, 0.0, 0.0]"
CNCCCC(O)CC(O)CN,"[0.0, 0.0, 0.0, 1.0, 5.0, 0.0, 0.0, 0.0, 0.0, 1.0, 1.0, 0.0, 2.0, 0.0]"
CC(CCN(C)C)CC(N)CO,"[1.0, 0.0, 0.0, 3.0, 3.0, 2.0, 0.0, 0.0, 1.0, 0.0, 0.0, 1.0, 0.0, 0.0]"
CC(O)CCC(N)CCCN,"[0.0, 0.0, 0.0, 1.0, 5.0, 1.0, 0.0, 0.0, 0.0, 2.0, 0.0, 0.0, 1.0, 0.0]"
CC(N)CCC(N)CC(C)O,"[0.0, 0.0, 0.0, 2.0, 3.0, 2.0, 0.0, 0.0, 0.0, 2.0, 0.0, 0.0, 1.0, 0.0]"
CCCCC(N)CCCNCCO,"[0.0, 0.0, 0.0, 1.0, 7.0, 1.0, 0.0, 1.0, 0.0, 1.0, 1.0, 0.0, 0.0, 0.0]"
CCN(CC(C)O)CC(C)CN,"[0.0, 0.0, 0.0, 3.0, 4.0, 1.0, 0.0, 0.0, 0.0, 1.0, 0.0, 1.0, 1.0, 0.0]"
NCC(CCCO)CCNCCO,"[0.0, 0.0, 0.0, 0.0, 6.0, 1.0, 0.0, 2.0, 0.0, 1.0, 1.0, 0.0, 0.0, 0.0]"
CC(CNC(C)C)CC(N)CCO,"[1.0, 0.0, 0.0, 3.0, 3.0, 3.0, 0.0, 0.0, 1.0, 0.0, 1.0, 0.0, 0.0, 0.0]"
CC(CCC(N)CCO)NCCO,"[1.0, 0.0, 0.0, 1.0, 4.0, 2.0, 0.0, 1.0, 1.0, 0.0, 1.0, 0.0, 0.0, 0.0]"
CNCCCC(CCN)CC(C)O,"[0.0, 0.0, 0.0, 2.0, 6.0, 1.0, 0.0, 0.0, 0.0, 1.0, 1.0, 0.0, 1.0, 0.0]"
CC(O)CCC(CN)CNC(C)C,"[0.0, 0.0, 0.0, 3.0, 4.0, 2.0, 0.0, 0.0, 0.0, 1.0, 1.0, 0.0, 1.0, 0.0]"
CC(O)CCCC(CN)NCCO,"[0.0, 0.0, 0.0, 1.0, 5.0, 1.0, 0.0, 1.0, 0.0, 1.0, 1.0, 0.0, 1.0, 0.0]"
NCCCN(CCCO)CCCO,"[0.0, 0.0, 1.0, 0.0, 7.0, 0.0, 0.0, 1.0, 1.0, 1.0, 0.0, 0.0, 0.0, 0.0]"
CC(N)CCCN(CCO)CCO,"[0.0, 0.0, 1.0, 1.0, 5.0, 1.0, 0.0, 1.0, 1.0, 1.0, 0.0, 0.0, 0.0, 0.0]"
CC(O)CCNCCC(O)CCN,"[0.0, 0.0, 0.0, 1.0, 6.0, 0.0, 0.0, 0.0, 0.0, 1.0, 1.0, 0.0, 2.0, 0.0]"
CC(CCC(N)CCO)CN(C)C,"[1.0, 0.0, 0.0, 3.0, 4.0, 2.0, 0.0, 0.0, 1.0, 0.0, 0.0, 1.0, 0.0, 0.0]"
CC(CCO)CCC(N)CCN,"[0.0, 0.0, 0.0, 1.0, 5.0, 2.0, 0.0, 1.0, 0.0, 2.0, 0.0, 0.0, 0.0, 0.0]"
CC(N)CC(CO)CN(C)CCO,"[0.0, 0.0, 1.0, 2.0, 3.0, 2.0, 0.0, 1.0, 1.0, 1.0, 0.0, 0.0, 0.0, 0.0]"
NCCC(CO)CC(N)CCO,"[2.0, 0.0, 0.0, 0.0, 4.0, 2.0, 0.0, 0.0, 2.0, 0.0, 0.0, 0.0, 0.0, 0.0]"
CC(CN)N(C(C)CO)C(C)CO,"[0.0, 0.0, 1.0, 3.0, 1.0, 3.0, 0.0, 1.0, 1.0, 1.0, 0.0, 0.0, 0.0, 0.0]"
CCC(CN)CC(O)CC(C)N,"[0.0, 0.0, 0.0, 2.0, 4.0, 2.0, 0.0, 0.0, 0.0, 2.0, 0.0, 0.0, 1.0, 0.0]"
CC(O)CN(CCCN)CCCO,"[0.0, 0.0, 1.0, 1.0, 6.0, 0.0, 0.0, 0.0, 1.0, 1.0, 0.0, 0.0, 1.0, 0.0]"
CC(C)CCN(CCN)CC(C)O,"[0.0, 0.0, 0.0, 3.0, 5.0, 1.0, 0.0, 0.0, 0.0, 1.0, 0.0, 1.0, 1.0, 0.0]"
CN(C)CCC(O)CCC(N)CO,"[1.0, 0.0, 0.0, 2.0, 4.0, 1.0, 0.0, 0.0, 1.0, 0.0, 0.0, 1.0, 1.0, 0.0]"
CC(CN)CC(O)CC(N)CO,"[1.0, 0.0, 0.0, 1.0, 3.0, 2.0, 0.0, 0.0, 1.0, 1.0, 0.0, 0.0, 1.0, 0.0]"
CCC(CN)N(CC(C)O)C(C)C,"[0.0, 0.0, 0.0, 4.0, 3.0, 2.0, 0.0, 0.0, 0.0, 1.0, 0.0, 1.0, 1.0, 0.0]"
CC(C)CCCNCCO,"[0.0, 0.0, 0.0, 2.0, 4.0, 1.0, 0.0, 1.0, 0.0, 0.0, 1.0, 0.0, 0.0, 0.0]"
CCC(CO)CNC(C)C,"[0.0, 0.0, 0.0, 3.0, 2.0, 2.0, 0.0, 1.0, 0.0, 0.0, 1.0, 0.0, 0.0, 0.0]"
CC(CCCO)NCCO,"[0.0, 0.0, 0.0, 1.0, 3.0, 1.0, 0.0, 2.0, 0.0, 0.0, 1.0, 0.0, 0.0, 0.0]"
CCC(O)CN(CC)CC(O)CN,"[0.0, 0.0, 0.0, 2.0, 5.0, 0.0, 0.0, 0.0, 0.0, 1.0, 0.0, 1.0, 2.0, 0.0]"
CCCNCCC(O)CC,"[0.0, 0.0, 0.0, 2.0, 5.0, 0.0, 0.0, 0.0, 0.0, 0.0, 1.0, 0.0, 1.0, 0.0]"
CC(O)CN(C)C(C)CC(O)CN,"[0.0, 0.0, 0.0, 3.0, 3.0, 1.0, 0.0, 0.0, 0.0, 1.0, 0.0, 1.0, 2.0, 0.0]"
CC(O)CCCNCCO,"[0.0, 0.0, 0.0, 1.0, 4.0, 0.0, 0.0, 1.0, 0.0, 0.0, 1.0, 0.0, 1.0, 0.0]"
CC(O)CCCNC(C)C,"[0.0, 0.0, 0.0, 3.0, 3.0, 1.0, 0.0, 0.0, 0.0, 0.0, 1.0, 0.0, 1.0, 0.0]"
CC(CCO)CC(CCN)CCN,"[0.0, 0.0, 0.0, 1.0, 6.0, 2.0, 0.0, 1.0, 0.0, 2.0, 0.0, 0.0, 0.0, 0.0]"
CC(CN)CC(CO)CC(C)CN,"[0.0, 0.0, 0.0, 2.0, 4.0, 3.0, 0.0, 1.0, 0.0, 2.0, 0.0, 0.0, 0.0, 0.0]"
NCCCC(CN)CC(CO)CO,"[0.0, 0.0, 0.0, 0.0, 5.0, 2.0, 0.0, 2.0, 0.0, 2.0, 0.0, 0.0, 0.0, 0.0]"
CC(O)CCC(N)CC(C)CCN,"[0.0, 0.0, 0.0, 2.0, 5.0, 2.0, 0.0, 0.0, 0.0, 2.0, 0.0, 0.0, 1.0, 0.0]"
CCC(CC(N)CO)CC(N)CO,"[2.0, 0.0, 0.0, 1.0, 3.0, 3.0, 0.0, 0.0, 2.0, 0.0, 0.0, 0.0, 0.0, 0.0]"
NCCC(O)CC(CCN)CCO,"[0.0, 0.0, 0.0, 0.0, 6.0, 1.0, 0.0, 1.0, 0.0, 2.0, 0.0, 0.0, 1.0, 0.0]"
CC(CN)CC(CN)CC(O)CO,"[0.0, 0.0, 0.0, 1.0, 4.0, 2.0, 0.0, 1.0, 0.0, 2.0, 0.0, 0.0, 1.0, 0.0]"
CCCN(CC)CCCO,"[0.0, 0.0, 1.0, 2.0, 5.0, 0.0, 0.0, 0.0, 1.0, 0.0, 0.0, 0.0, 0.0, 0.0]"
CN(C)CCC(CO)CO,"[0.0, 0.0, 0.0, 2.0, 2.0, 1.0, 0.0, 2.0, 0.0, 0.0, 0.0, 1.0, 0.0, 0.0]"
CCCCC(C)CNCCO,"[0.0, 0.0, 0.0, 2.0, 5.0, 1.0, 0.0, 1.0, 0.0, 0.0, 1.0, 0.0, 0.0, 0.0]"
CC(C)CCC(C)NCCO,"[0.0, 0.0, 0.0, 3.0, 3.0, 2.0, 0.0, 1.0, 0.0, 0.0, 1.0, 0.0, 0.0, 0.0]"
CC(C)N(CCO)C(C)C,"[0.0, 0.0, 1.0, 4.0, 1.0, 2.0, 0.0, 0.0, 1.0, 0.0, 0.0, 0.0, 0.0, 0.0]"
CCCNCCC(O)CCC,"[0.0, 0.0, 0.0, 2.0, 6.0, 0.0, 0.0, 0.0, 0.0, 0.0, 1.0, 0.0, 1.0, 0.0]"
CC(C)CC(CO)NCCO,"[0.0, 0.0, 0.0, 2.0, 2.0, 2.0, 0.0, 2.0, 0.0, 0.0, 1.0, 0.0, 0.0, 0.0]"
CC(CN)CCO,"[0.0, 0.0, 0.0, 1.0, 2.0, 1.0, 0.0, 1.0, 0.0, 1.0, 0.0, 0.0, 0.0, 0.0]"
CCCCC(O)CNCCO,"[0.0, 0.0, 0.0, 1.0, 5.0, 0.0, 0.0, 1.0, 0.0, 0.0, 1.0, 0.0, 1.0, 0.0]"
CC(O)CCCN,"[0.0, 0.0, 0.0, 1.0, 3.0, 0.0, 0.0, 0.0, 0.0, 1.0, 0.0, 0.0, 1.0, 0.0]"
CC(O)CCNCCC(C)O,"[0.0, 0.0, 0.0, 2.0, 4.0, 0.0, 0.0, 0.0, 0.0, 0.0, 1.0, 0.0, 2.0, 0.0]"
CC(N)CC(C)O,"[0.0, 0.0, 0.0, 2.0, 1.0, 1.0, 0.0, 0.0, 0.0, 1.0, 0.0, 0.0, 1.0, 0.0]"
NCC(O)CCO,"[0.0, 0.0, 0.0, 0.0, 2.0, 0.0, 0.0, 1.0, 0.0, 1.0, 0.0, 0.0, 1.0, 0.0]"
CCCN(CCO)CCCO,"[0.0, 0.0, 1.0, 1.0, 5.0, 0.0, 0.0, 1.0, 1.0, 0.0, 0.0, 0.0, 0.0, 0.0]"
CCCCN(CCC)CCO,"[0.0, 0.0, 1.0, 2.0, 6.0, 0.0, 0.0, 0.0, 1.0, 0.0, 0.0, 0.0, 0.0, 0.0]"
CN(C)CCCC(CO)CO,"[0.0, 0.0, 0.0, 2.0, 3.0, 1.0, 0.0, 2.0, 0.0, 0.0, 0.0, 1.0, 0.0, 0.0]"
CCCC(CCO)CNC(C)C,"[0.0, 0.0, 0.0, 3.0, 4.0, 2.0, 0.0, 1.0, 0.0, 0.0, 1.0, 0.0, 0.0, 0.0]"
CCCCC(O)CCNCCC,"[0.0, 0.0, 0.0, 2.0, 7.0, 0.0, 0.0, 0.0, 0.0, 0.0, 1.0, 0.0, 1.0, 0.0]"
CC(C)NCC(CO)CCCO,"[0.0, 0.0, 0.0, 2.0, 3.0, 2.0, 0.0, 2.0, 0.0, 0.0, 1.0, 0.0, 0.0, 0.0]"
CC(C)CC(CO)CN(C)C,"[0.0, 0.0, 1.0, 4.0, 2.0, 2.0, 0.0, 0.0, 1.0, 0.0, 0.0, 0.0, 0.0, 0.0]"
CCCC(O)CCCNCCO,"[0.0, 0.0, 0.0, 1.0, 6.0, 0.0, 0.0, 1.0, 0.0, 0.0, 1.0, 0.0, 1.0, 0.0]"
CCC(C)CC(O)CNCCO,"[0.0, 0.0, 0.0, 2.0, 4.0, 1.0, 0.0, 1.0, 0.0, 0.0, 1.0, 0.0, 1.0, 0.0]"
CCC(CO)N(C)CC(C)O,"[0.0, 0.0, 1.0, 3.0, 2.0, 1.0, 0.0, 0.0, 1.0, 0.0, 0.0, 0.0, 1.0, 0.0]"
CC(CCN)CCO,"[0.0, 0.0, 0.0, 1.0, 3.0, 1.0, 0.0, 1.0, 0.0, 1.0, 0.0, 0.0, 0.0, 0.0]"
CC(C)CN(C)CCC(C)O,"[0.0, 0.0, 0.0, 4.0, 3.0, 1.0, 0.0, 0.0, 0.0, 0.0, 0.0, 1.0, 1.0, 0.0]"
CCCCN(CCO)CCCO,"[0.0, 0.0, 1.0, 1.0, 6.0, 0.0, 0.0, 1.0, 1.0, 0.0, 0.0, 0.0, 0.0, 0.0]"
NCCC(CO)CO,"[0.0, 0.0, 0.0, 0.0, 2.0, 1.0, 0.0, 2.0, 0.0, 1.0, 0.0, 0.0, 0.0, 0.0]"
CCCC(C)CC(C)CNCCO,"[0.0, 0.0, 0.0, 3.0, 5.0, 2.0, 0.0, 1.0, 0.0, 0.0, 1.0, 0.0, 0.0, 0.0]"
CC(O)CN(C(C)C)C(C)C,"[0.0, 0.0, 0.0, 5.0, 1.0, 2.0, 0.0, 0.0, 0.0, 0.0, 0.0, 1.0, 1.0, 0.0]"
CN(C)CCCC(CO)CCO,"[0.0, 0.0, 0.0, 2.0, 4.0, 1.0, 0.0, 2.0, 0.0, 0.0, 0.0, 1.0, 0.0, 0.0]"
CC(O)CC(C)CN,"[0.0, 0.0, 0.0, 2.0, 2.0, 1.0, 0.0, 0.0, 0.0, 1.0, 0.0, 0.0, 1.0, 0.0]"
CCCC(CO)CCCNCCO,"[0.0, 0.0, 0.0, 1.0, 6.0, 1.0, 0.0, 2.0, 0.0, 0.0, 1.0, 0.0, 0.0, 0.0]"
CC(CCCO)CC(C)NCCO,"[0.0, 0.0, 0.0, 2.0, 4.0, 2.0, 0.0, 2.0, 0.0, 0.0, 1.0, 0.0, 0.0, 0.0]"
NCCC(O)CCO,"[0.0, 0.0, 0.0, 0.0, 3.0, 0.0, 0.0, 1.0, 0.0, 1.0, 0.0, 0.0, 1.0, 0.0]"
CC(CC(CO)CO)CN(C)C,"[0.0, 0.0, 0.0, 3.0, 2.0, 2.0, 0.0, 2.0, 0.0, 0.0, 0.0, 1.0, 0.0, 0.0]"
CCCCC(O)CCCNC(C)C,"[0.0, 0.0, 0.0, 3.0, 6.0, 1.0, 0.0, 0.0, 0.0, 0.0, 1.0, 0.0, 1.0, 0.0]"
CC(O)CC(N)CO,"[1.0, 0.0, 0.0, 1.0, 1.0, 1.0, 0.0, 0.0, 1.0, 0.0, 0.0, 0.0, 1.0, 0.0]"
CC(C)NCCCC(O)CCCO,"[0.0, 0.0, 0.0, 2.0, 5.0, 1.0, 0.0, 1.0, 0.0, 0.0, 1.0, 0.0, 1.0, 0.0]"
CCC(C)CC(CO)CN(C)C,"[0.0, 0.0, 1.0, 4.0, 3.0, 2.0, 0.0, 0.0, 1.0, 0.0, 0.0, 0.0, 0.0, 0.0]"
CC(C)CC(CC(C)O)NCCO,"[0.0, 0.0, 0.0, 3.0, 3.0, 2.0, 0.0, 1.0, 0.0, 0.0, 1.0, 0.0, 1.0, 0.0]"
CCCNCCC(O)CC(O)CC,"[0.0, 0.0, 0.0, 2.0, 6.0, 0.0, 0.0, 0.0, 0.0, 0.0, 1.0, 0.0, 2.0, 0.0]"
CC(O)CC(O)CN,"[0.0, 0.0, 0.0, 1.0, 2.0, 0.0, 0.0, 0.0, 0.0, 1.0, 0.0, 0.0, 2.0, 0.0]"
CNCC(C)NCCO,"[0.0, 0.0, 0.0, 2.0, 2.0, 1.0, 0.0, 1.0, 0.0, 0.0, 2.0, 0.0, 0.0, 0.0]"
NCCNCCO,"[0.0, 0.0, 0.0, 0.0, 3.0, 0.0, 0.0, 1.0, 0.0, 1.0, 1.0, 0.0, 0.0, 0.0]"
CNCCO,"[0.0, 0.0, 0.0, 1.0, 1.0, 0.0, 0.0, 1.0, 0.0, 0.0, 1.0, 0.0, 0.0, 0.0]"
CNC(CN)CO,"[1.0, 0.0, 0.0, 1.0, 1.0, 1.0, 0.0, 0.0, 1.0, 0.0, 1.0, 0.0, 0.0, 0.0]"
NCCC(N)CO,"[1.0, 0.0, 0.0, 0.0, 2.0, 1.0, 0.0, 0.0, 1.0, 1.0, 0.0, 0.0, 0.0, 0.0]"
NCCNCCCO,"[0.0, 0.0, 0.0, 0.0, 4.0, 0.0, 0.0, 1.0, 0.0, 1.0, 1.0, 0.0, 0.0, 0.0]"
CCNCC(N)CO,"[1.0, 0.0, 0.0, 1.0, 2.0, 1.0, 0.0, 0.0, 1.0, 0.0, 1.0, 0.0, 0.0, 0.0]"
CNCC(C)O,"[0.0, 0.0, 0.0, 2.0, 1.0, 0.0, 0.0, 0.0, 0.0, 0.0, 1.0, 0.0, 1.0, 0.0]"
NCCNCCCCO,"[0.0, 0.0, 0.0, 0.0, 5.0, 0.0, 0.0, 1.0, 0.0, 1.0, 1.0, 0.0, 0.0, 0.0]"
NCCC(N)CCO,"[1.0, 0.0, 0.0, 0.0, 3.0, 1.0, 0.0, 0.0, 1.0, 1.0, 0.0, 0.0, 0.0, 0.0]"
CC(CN)NC(C)CO,"[0.0, 0.0, 0.0, 2.0, 1.0, 2.0, 0.0, 1.0, 0.0, 1.0, 1.0, 0.0, 0.0, 0.0]"
NC(CO)CNCCO,"[1.0, 0.0, 0.0, 0.0, 2.0, 1.0, 0.0, 1.0, 1.0, 0.0, 1.0, 0.0, 0.0, 0.0]"
CC(C)NCC(O)CN,"[0.0, 0.0, 0.0, 2.0, 2.0, 1.0, 0.0, 0.0, 0.0, 1.0, 1.0, 0.0, 1.0, 0.0]"
CCN(CCN)CCO,"[0.0, 0.0, 1.0, 1.0, 4.0, 0.0, 0.0, 0.0, 1.0, 1.0, 0.0, 0.0, 0.0, 0.0]"
CC(N)CN(C)CCO,"[0.0, 0.0, 1.0, 2.0, 2.0, 1.0, 0.0, 0.0, 1.0, 1.0, 0.0, 0.0, 0.0, 0.0]"
CCNCCCO,"[0.0, 0.0, 0.0, 1.0, 3.0, 0.0, 0.0, 1.0, 0.0, 0.0, 1.0, 0.0, 0.0, 0.0]"
NCCC(CN)CCO,"[0.0, 0.0, 0.0, 0.0, 4.0, 1.0, 0.0, 1.0, 0.0, 2.0, 0.0, 0.0, 0.0, 0.0]"
CC(N)CC(CN)CO,"[1.0, 0.0, 0.0, 1.0, 2.0, 2.0, 0.0, 0.0, 1.0, 1.0, 0.0, 0.0, 0.0, 0.0]"
CC(O)CC(CN)CN,"[0.0, 0.0, 0.0, 1.0, 3.0, 1.0, 0.0, 0.0, 0.0, 2.0, 0.0, 0.0, 1.0, 0.0]"
CN(C)CCO,"[0.0, 0.0, 1.0, 2.0, 1.0, 0.0, 0.0, 0.0, 1.0, 0.0, 0.0, 0.0, 0.0, 0.0]"
CCN(C)CCO,"[0.0, 0.0, 1.0, 2.0, 2.0, 0.0, 0.0, 0.0, 1.0, 0.0, 0.0, 0.0, 0.0, 0.0]"
NCC(O)CC(O)CN,"[0.0, 0.0, 0.0, 0.0, 3.0, 0.0, 0.0, 0.0, 0.0, 2.0, 0.0, 0.0, 2.0, 0.0]"
CC(CO)N(C)C,"[0.0, 0.0, 1.0, 3.0, 0.0, 1.0, 0.0, 0.0, 1.0, 0.0, 0.0, 0.0, 0.0, 0.0]"
CCCNCCCO,"[0.0, 0.0, 0.0, 1.0, 4.0, 0.0, 0.0, 1.0, 0.0, 0.0, 1.0, 0.0, 0.0, 0.0]"
CCNCC(C)CO,"[0.0, 0.0, 0.0, 2.0, 2.0, 1.0, 0.0, 1.0, 0.0, 0.0, 1.0, 0.0, 0.0, 0.0]"
OCCCNCCO,"[0.0, 0.0, 0.0, 0.0, 3.0, 0.0, 0.0, 2.0, 0.0, 0.0, 1.0, 0.0, 0.0, 0.0]"
CC(CO)NCCO,"[0.0, 0.0, 0.0, 1.0, 1.0, 1.0, 0.0, 2.0, 0.0, 0.0, 1.0, 0.0, 0.0, 0.0]"
CC(N)CO,"[1.0, 0.0, 0.0, 1.0, 0.0, 1.0, 0.0, 0.0, 1.0, 0.0, 0.0, 0.0, 0.0, 0.0]"
CCNCCC(C)O,"[0.0, 0.0, 0.0, 2.0, 3.0, 0.0, 0.0, 0.0, 0.0, 0.0, 1.0, 0.0, 1.0, 0.0]"
CC(O)CNC(C)C,"[0.0, 0.0, 0.0, 3.0, 1.0, 1.0, 0.0, 0.0, 0.0, 0.0, 1.0, 0.0, 1.0, 0.0]"
CN(C)CCCCO,"[0.0, 0.0, 0.0, 2.0, 3.0, 0.0, 0.0, 1.0, 0.0, 0.0, 0.0, 1.0, 0.0, 0.0]"
CC(CO)CN(C)C,"[0.0, 0.0, 1.0, 3.0, 1.0, 1.0, 0.0, 0.0, 1.0, 0.0, 0.0, 0.0, 0.0, 0.0]"
CCCCCNCCO,"[0.0, 0.0, 0.0, 1.0, 5.0, 0.0, 0.0, 1.0, 0.0, 0.0, 1.0, 0.0, 0.0, 0.0]"
OCCCNCCCO,"[0.0, 1.0, 0.0, 0.0, 4.0, 0.0, 0.0, 0.0, 2.0, 0.0, 0.0, 0.0, 0.0, 0.0]"
CCCC(C)NCCO,"[0.0, 0.0, 0.0, 2.0, 3.0, 1.0, 0.0, 1.0, 0.0, 0.0, 1.0, 0.0, 0.0, 0.0]"
CC(CO)CNC(C)C,"[0.0, 0.0, 0.0, 3.0, 1.0, 2.0, 0.0, 1.0, 0.0, 0.0, 1.0, 0.0, 0.0, 0.0]"
CCC(CO)NCCO,"[0.0, 0.0, 0.0, 1.0, 2.0, 1.0, 0.0, 2.0, 0.0, 0.0, 1.0, 0.0, 0.0, 0.0]"
OCCNC(CO)CO,"[0.0, 0.0, 0.0, 0.0, 1.0, 1.0, 0.0, 3.0, 0.0, 0.0, 1.0, 0.0, 0.0, 0.0]"
CCNCCCC(C)O,"[0.0, 0.0, 0.0, 2.0, 4.0, 0.0, 0.0, 0.0, 0.0, 0.0, 1.0, 0.0, 1.0, 0.0]"
CCC(O)CNC(C)C,"[0.0, 0.0, 0.0, 3.0, 2.0, 1.0, 0.0, 0.0, 0.0, 0.0, 1.0, 0.0, 1.0, 0.0]"
CCC(O)CNCCO,"[0.0, 0.0, 0.0, 1.0, 3.0, 0.0, 0.0, 1.0, 0.0, 0.0, 1.0, 0.0, 1.0, 0.0]"
OCCNCC(O)CO,"[0.0, 0.0, 0.0, 0.0, 2.0, 0.0, 0.0, 2.0, 0.0, 0.0, 1.0, 0.0, 1.0, 0.0]"
NCCCCO,"[0.0, 0.0, 0.0, 0.0, 3.0, 0.0, 0.0, 1.0, 0.0, 1.0, 0.0, 0.0, 0.0, 0.0]"
CCN(CCO)CCO,"[0.0, 0.0, 1.0, 1.0, 3.0, 0.0, 0.0, 1.0, 1.0, 0.0, 0.0, 0.0, 0.0, 0.0]"
CC(O)CNCC(C)O,"[0.0, 0.0, 0.0, 2.0, 2.0, 0.0, 0.0, 0.0, 0.0, 0.0, 1.0, 0.0, 2.0, 0.0]"
CC(CN)CO,"[1.0, 0.0, 0.0, 1.0, 1.0, 1.0, 0.0, 0.0, 1.0, 0.0, 0.0, 0.0, 0.0, 0.0]"
CN(C)CC(CO)CO,"[0.0, 0.0, 1.0, 2.0, 1.0, 1.0, 0.0, 1.0, 1.0, 0.0, 0.0, 0.0, 0.0, 0.0]"
CCC(O)CN,"[0.0, 0.0, 0.0, 1.0, 2.0, 0.0, 0.0, 0.0, 0.0, 1.0, 0.0, 0.0, 1.0, 0.0]"
CN(C)CCC(O)CO,"[0.0, 0.0, 0.0, 2.0, 2.0, 0.0, 0.0, 1.0, 0.0, 0.0, 0.0, 1.0, 1.0, 0.0]"
CCC(O)CN(C)CC,"[0.0, 0.0, 0.0, 3.0, 3.0, 0.0, 0.0, 0.0, 0.0, 0.0, 0.0, 1.0, 1.0, 0.0]"
NCCCCCO,"[0.0, 0.0, 0.0, 0.0, 4.0, 0.0, 0.0, 1.0, 0.0, 1.0, 0.0, 0.0, 0.0, 0.0]"
